Workbook

Sheet Trade Log
A1: Trade # | B1: Date | C1: Ticker | D1: Category | E1: Market Title | F1: Side | G1: Your Prob | H1: Market Prob | I1: Edge | J1: Kelly Frac | K1: # Contracts | L1: Cost ($) | M1: Outcome | N1: P&L ($) | O1: Cumul P&L | P1: Notes
A2: 1 | I2: =IF(AND(F2<>"",G2<>"",H2<>""),IF(F2="yes",G2-H2,IF(F2="no",(1-G2)-(1-H2),"")),"") | J2: =IF(AND(I2<>"",I2>0,H2<>"",H2<1),I2/(1-H2)*0.25,"") | N2: =IF(AND(M2<>"",F2<>"",H2<>"",K2<>""),IF(M2="win",(1-IF(F2="yes",H2,1-H2))*K2,IF(M2="loss",-IF(F2="yes",H2,1-H2)*K2,"")),"") | O2: =IF(N2<>"",N2,"")
A3: 2 | I3: =IF(AND(F3<>"",G3<>"",H3<>""),IF(F3="yes",G3-H3,IF(F3="no",(1-G3)-(1-H3),"")),"") | J3: =IF(AND(I3<>"",I3>0,H3<>"",H3<1),I3/(1-H3)*0.25,"") | N3: =IF(AND(M3<>"",F3<>"",H3<>"",K3<>""),IF(M3="win",(1-IF(F3="yes",H3,1-H3))*K3,IF(M3="loss",-IF(F3="yes",H3,1-H3)*K3,"")),"") | O3: =IF(N3<>"",IF(O2<>"",O2,0)+N3,IF(O2<>"",O2,""))
A4: 3 | I4: =IF(AND(F4<>"",G4<>"",H4<>""),IF(F4="yes",G4-H4,IF(F4="no",(1-G4)-(1-H4),"")),"") | J4: =IF(AND(I4<>"",I4>0,H4<>"",H4<1),I4/(1-H4)*0.25,"") | N4: =IF(AND(M4<>"",F4<>"",H4<>"",K4<>""),IF(M4="win",(1-IF(F4="yes",H4,1-H4))*K4,IF(M4="loss",-IF(F4="yes",H4,1-H4)*K4,"")),"") | O4: =IF(N4<>"",IF(O3<>"",O3,0)+N4,IF(O3<>"",O3,""))
A5: 4 | I5: =IF(AND(F5<>"",G5<>"",H5<>""),IF(F5="yes",G5-H5,IF(F5="no",(1-G5)-(1-H5),"")),"") | J5: =IF(AND(I5<>"",I5>0,H5<>"",H5<1),I5/(1-H5)*0.25,"") | N5: =IF(AND(M5<>"",F5<>"",H5<>"",K5<>""),IF(M5="win",(1-IF(F5="yes",H5,1-H5))*K5,IF(M5="loss",-IF(F5="yes",H5,1-H5)*K5,"")),"") | O5: =IF(N5<>"",IF(O4<>"",O4,0)+N5,IF(O4<>"",O4,""))
A6: 5 | I6: =IF(AND(F6<>"",G6<>"",H6<>""),IF(F6="yes",G6-H6,IF(F6="no",(1-G6)-(1-H6),"")),"") | J6: =IF(AND(I6<>"",I6>0,H6<>"",H6<1),I6/(1-H6)*0.25,"") | N6: =IF(AND(M6<>"",F6<>"",H6<>"",K6<>""),IF(M6="win",(1-IF(F6="yes",H6,1-H6))*K6,IF(M6="loss",-IF(F6="yes",H6,1-H6)*K6,"")),"") | O6: =IF(N6<>"",IF(O5<>"",O5,0)+N6,IF(O5<>"",O5,""))
A7: 6 | I7: =IF(AND(F7<>"",G7<>"",H7<>""),IF(F7="yes",G7-H7,IF(F7="no",(1-G7)-(1-H7),"")),"") | J7: =IF(AND(I7<>"",I7>0,H7<>"",H7<1),I7/(1-H7)*0.25,"") | N7: =IF(AND(M7<>"",F7<>"",H7<>"",K7<>""),IF(M7="win",(1-IF(F7="yes",H7,1-H7))*K7,IF(M7="loss",-IF(F7="yes",H7,1-H7)*K7,"")),"") | O7: =IF(N7<>"",IF(O6<>"",O6,0)+N7,IF(O6<>"",O6,""))
A8: 7 | I8: =IF(AND(F8<>"",G8<>"",H8<>""),IF(F8="yes",G8-H8,IF(F8="no",(1-G8)-(1-H8),"")),"") | J8: =IF(AND(I8<>"",I8>0,H8<>"",H8<1),I8/(1-H8)*0.25,"") | N8: =IF(AND(M8<>"",F8<>"",H8<>"",K8<>""),IF(M8="win",(1-IF(F8="yes",H8,1-H8))*K8,IF(M8="loss",-IF(F8="yes",H8,1-H8)*K8,"")),"") | O8: =IF(N8<>"",IF(O7<>"",O7,0)+N8,IF(O7<>"",O7,""))
A9: 8 | I9: =IF(AND(F9<>"",G9<>"",H9<>""),IF(F9="yes",G9-H9,IF(F9="no",(1-G9)-(1-H9),"")),"") | J9: =IF(AND(I9<>"",I9>0,H9<>"",H9<1),I9/(1-H9)*0.25,"") | N9: =IF(AND(M9<>"",F9<>"",H9<>"",K9<>""),IF(M9="win",(1-IF(F9="yes",H9,1-H9))*K9,IF(M9="loss",-IF(F9="yes",H9,1-H9)*K9,"")),"") | O9: =IF(N9<>"",IF(O8<>"",O8,0)+N9,IF(O8<>"",O8,""))
A10: 9 | I10: =IF(AND(F10<>"",G10<>"",H10<>""),IF(F10="yes",G10-H10,IF(F10="no",(1-G10)-(1-H10),"")),"") | J10: =IF(AND(I10<>"",I10>0,H10<>"",H10<1),I10/(1-H10)*0.25,"") | N10: =IF(AND(M10<>"",F10<>"",H10<>"",K10<>""),IF(M10="win",(1-IF(F10="yes",H10,1-H10))*K10,IF(M10="loss",-IF(F10="yes",H10,1-H10)*K10,"")),"") | O10: =IF(N10<>"",IF(O9<>"",O9,0)+N10,IF(O9<>"",O9,""))
A11: 10 | I11: =IF(AND(F11<>"",G11<>"",H11<>""),IF(F11="yes",G11-H11,IF(F11="no",(1-G11)-(1-H11),"")),"") | J11: =IF(AND(I11<>"",I11>0,H11<>"",H11<1),I11/(1-H11)*0.25,"") | N11: =IF(AND(M11<>"",F11<>"",H11<>"",K11<>""),IF(M11="win",(1-IF(F11="yes",H11,1-H11))*K11,IF(M11="loss",-IF(F11="yes",H11,1-H11)*K11,"")),"") | O11: =IF(N11<>"",IF(O10<>"",O10,0)+N11,IF(O10<>"",O10,""))
A12: 11 | I12: =IF(AND(F12<>"",G12<>"",H12<>""),IF(F12="yes",G12-H12,IF(F12="no",(1-G12)-(1-H12),"")),"") | J12: =IF(AND(I12<>"",I12>0,H12<>"",H12<1),I12/(1-H12)*0.25,"") | N12: =IF(AND(M12<>"",F12<>"",H12<>"",K12<>""),IF(M12="win",(1-IF(F12="yes",H12,1-H12))*K12,IF(M12="loss",-IF(F12="yes",H12,1-H12)*K12,"")),"") | O12: =IF(N12<>"",IF(O11<>"",O11,0)+N12,IF(O11<>"",O11,""))
A13: 12 | I13: =IF(AND(F13<>"",G13<>"",H13<>""),IF(F13="yes",G13-H13,IF(F13="no",(1-G13)-(1-H13),"")),"") | J13: =IF(AND(I13<>"",I13>0,H13<>"",H13<1),I13/(1-H13)*0.25,"") | N13: =IF(AND(M13<>"",F13<>"",H13<>"",K13<>""),IF(M13="win",(1-IF(F13="yes",H13,1-H13))*K13,IF(M13="loss",-IF(F13="yes",H13,1-H13)*K13,"")),"") | O13: =IF(N13<>"",IF(O12<>"",O12,0)+N13,IF(O12<>"",O12,""))
A14: 13 | I14: =IF(AND(F14<>"",G14<>"",H14<>""),IF(F14="yes",G14-H14,IF(F14="no",(1-G14)-(1-H14),"")),"") | J14: =IF(AND(I14<>"",I14>0,H14<>"",H14<1),I14/(1-H14)*0.25,"") | N14: =IF(AND(M14<>"",F14<>"",H14<>"",K14<>""),IF(M14="win",(1-IF(F14="yes",H14,1-H14))*K14,IF(M14="loss",-IF(F14="yes",H14,1-H14)*K14,"")),"") | O14: =IF(N14<>"",IF(O13<>"",O13,0)+N14,IF(O13<>"",O13,""))
... A101: 100 | I101: =IF(AND(F101<>"",G101<>"",H101<>""),IF(F101="yes",G101-H101,IF(F101="no",(1-G101)-(1-H101),"")),"") | J101: =IF(AND(I101<>"",I101>0,H101<>"",H101<1),I101/(1-H101)*0.25,"") | N101: =IF(AND(M101<>"",F101<>"",H101<>"",K101<>""),IF(M101="win",(1-IF(F101="yes",H101,1-H101))*K101,IF(M101="loss",-IF(F101="yes",H101,1-H101)*K101,"")),"") | O101: =IF(N101<>"",IF(O100<>"",O100,0)+N101,IF(O100<>"",O100,""))

Sheet Dashboard
A1: Portfolio Performance Dashboard
A3: OVERALL METRICS | D3: CRYPTO
A4: Total Trades: | B4: =COUNTA('Trade Log'!M2:M101)-COUNTBLANK('Trade Log'!M2:M101) -> -100 | D4: Trades: | E4: =COUNTIF('Trade Log'!D2:D101,"crypto") -> 0
A5: Win Rate: | B5: =IF(B4>0,COUNTIF('Trade Log'!M2:M101,"win")/B4,"-") -> - | D5: Win Rate: | E5: =IF(E4>0,COUNTIFS('Trade Log'!D2:D101,"crypto",'Trade Log'!M2:M101,"win")/E4,"-") -> -
A6: Total P&L: | B6: =IF(B4>0,SUMPRODUCT((('Trade Log'!M2:M101<>"")*1)*('Trade Log'!N2:N101)),0) -> 0 | D6: P&L: | E6: =IF(E4>0,SUMPRODUCT((('Trade Log'!D2:D101="crypto")*1)*(('Trade Log'!M2:M101<>"")*1)*('Trade Log'!N2:N101)),0) -> 0
A7: Avg Edge at Entry: | B7: =IF(B4>0,AVERAGEIF('Trade Log'!I2:I101,">0"),"-") -> - | D7: WEATHER
A8: Avg P&L per Trade: | B8: =IF(B4>0,B6/B4,"-") -> - | D8: Trades: | E8: =COUNTIF('Trade Log'!D2:D101,"weather") -> 0
A9: Brier Score: | B9: =IF(B4>0,SUMPRODUCT(IF('Trade Log'!M2:M101="win",('Trade Log'!G2:G101-1)^2,('Trade Log'!G2:G101)^2))/B4,"-") -> - | D9: Win Rate: | E9: =IF(E8>0,COUNTIFS('Trade Log'!D2:D101,"weather",'Trade Log'!M2:M101,"win")/E8,"-") -> -
D10: P&L: | E10: =IF(E8>0,SUMPRODUCT((('Trade Log'!D2:D101="weather")*1)*(('Trade Log'!M2:M101<>"")*1)*('Trade Log'!N2:N101)),0) -> 0
D11: ECONOMICS
D12: Trades: | E12: =COUNTIF('Trade Log'!D2:D101,"economics") -> 0
D13: Win Rate: | E13: =IF(E12>0,COUNTIFS('Trade Log'!D2:D101,"economics",'Trade Log'!M2:M101,"win")/E12,"-") -> -
D14: P&L: | E14: =IF(E12>0,SUMPRODUCT((('Trade Log'!D2:D101="economics")*1)*(('Trade Log'!M2:M101<>"")*1)*('Trade Log'!N2:N101)),0) -> 0

Sheet Calibration
A1: Probability Calibration Check
A3: Prob Bucket | B3: Trades | C3: Actual Win % | D3: Expected | E3: Calibration Gap
A4: 0-20% | B4: =COUNTIFS('Trade Log'!G2:G101,">=0",'Trade Log'!G2:G101,"<0.2",'Trade Log'!M2:M101,"<>") -> 0 | C4: =IF(B4>0,COUNTIFS('Trade Log'!G2:G101,">=0",'Trade Log'!G2:G101,"<0.2",'Trade Log'!M2:M101,"win")/B4,"-") -> - | D4: 0.1 | E4: =IF(C4<>"-",C4-D4,"-") -> -
A5: 20-40% | B5: =COUNTIFS('Trade Log'!G2:G101,">=0.2",'Trade Log'!G2:G101,"<0.4",'Trade Log'!M2:M101,"<>") -> 0 | C5: =IF(B5>0,COUNTIFS('Trade Log'!G2:G101,">=0.2",'Trade Log'!G2:G101,"<0.4",'Trade Log'!M2:M101,"win")/B5,"-") -> - | D5: 0.3 | E5: =IF(C5<>"-",C5-D5,"-") -> -
A6: 40-60% | B6: =COUNTIFS('Trade Log'!G2:G101,">=0.4",'Trade Log'!G2:G101,"<0.6",'Trade Log'!M2:M101,"<>") -> 0 | C6: =IF(B6>0,COUNTIFS('Trade Log'!G2:G101,">=0.4",'Trade Log'!G2:G101,"<0.6",'Trade Log'!M2:M101,"win")/B6,"-") -> - | D6: 0.5 | E6: =IF(C6<>"-",C6-D6,"-") -> -
A7: 60-80% | B7: =COUNTIFS('Trade Log'!G2:G101,">=0.6",'Trade Log'!G2:G101,"<0.8",'Trade Log'!M2:M101,"<>") -> 0 | C7: =IF(B7>0,COUNTIFS('Trade Log'!G2:G101,">=0.6",'Trade Log'!G2:G101,"<0.8",'Trade Log'!M2:M101,"win")/B7,"-") -> - | D7: 0.7 | E7: =IF(C7<>"-",C7-D7,"-") -> -
A8: 80-100% | B8: =COUNTIFS('Trade Log'!G2:G101,">=0.8",'Trade Log'!G2:G101,"<1.01",'Trade Log'!M2:M101,"<>") -> 0 | C8: =IF(B8>0,COUNTIFS('Trade Log'!G2:G101,">=0.8",'Trade Log'!G2:G101,"<1.01",'Trade Log'!M2:M101,"win")/B8,"-") -> - | D8: 0.905 | E8: =IF(C8<>"-",C8-D8,"-") -> -
A10: Interpretation
A11: If Calibration Gap is consistently positive → you're underconfident (good problem to have)
A12: If consistently negative → you're overconfident (reduce Kelly fraction)
A13: If close to 0% across buckets → well calibrated (increase Kelly fraction cautiously)
